test_season,test_loss,hit_rate_2
30,1.6998792335391044,0.5
31,1.5856988742947578,0.7
32,2.712351293726401,0.36363636363636365
33,1.447244922320048,0.4444444444444444
34,1.564212590456009,0.45454545454545453
