test_season,test_loss,hit_rate_2
30,1.9967109009623527,0.4
31,1.4206178113818169,0.7
32,2.5679457905617626,0.36363636363636365
33,1.6273670345544815,0.3333333333333333
34,1.7860453819686717,0.36363636363636365
